{"onset_times": [0.11609977324263039, 0.7662585034013606, 0.7894784580498866, 1.4628571428571429, 2.1130158730158732, 2.136235827664399, 2.786394557823129, 2.809614512471655, 3.4597732426303853, 4.1099319727891155, 4.783310657596372, 4.806530612244898, 5.5495691609977325, 6.780226757369615, 6.8034467120181406, 7.453605442176871, 7.476825396825397, 8.126984126984127, 9.450521541950113, 9.47374149659864, 10.12390022675737, 10.797278911564625, 11.447437641723356, 11.470657596371883, 12.120816326530612, 12.144036281179138, 12.770975056689343, 12.817414965986394, 13.444353741496599, 13.467573696145125, 14.117732426303855, 14.767891156462586, 14.79111111111111, 15.441269841269841, 15.464489795918368, 16.137868480725622, 16.300408163265306, 16.788027210884355, 16.81124716553288, 17.438185941043084, 17.46140589569161, 18.11156462585034, 18.134784580498867, 18.970702947845805, 20.108480725623583, 20.131700680272107, 20.78185941043084, 20.805079365079365, 21.478458049886623, 21.687437641723356, 22.105396825396827, 22.128616780045352, 22.77877551020408, 22.801995464852606, 23.45215419501134, 23.475374149659864, 24.102312925170068, 24.125532879818593, 24.775691609977326, 24.79891156462585, 25.44907029478458, 26.122448979591837, 26.79582766439909, 26.888707482993198, 28.11936507936508, 28.142585034013607, 28.792743764172336, 28.81596371882086, 29.466122448979593, 29.628662131519274, 29.6518820861678, 30.789659863945577, 30.812879818594105, 31.43981859410431, 31.463038548752834, 32.113197278911564, 32.13641723356009, 32.78657596371882, 34.11011337868481, 34.13333333333333, 34.78349206349206, 34.80671201814059, 35.456870748299316, 36.10702947845805, 36.13024943310658, 36.78040816326531, 36.80362811791383, 38.12716553287982, 38.15038548752835, 38.800544217687076, 38.8237641723356, 39.450702947845805, 39.47392290249433, 40.12408163265306, 42.77115646258503], "bpm": 89.10290948275862, "duration": 47.55446712018141, "strengths": [16.950708389282227, 4.902518272399902, 9.472848892211914, 4.8206706047058105, 4.6829705238342285, 5.178521156311035, 5.55891227722168, 3.8845229148864746, 6.90390682220459, 4.7074127197265625, 5.6605448722839355, 6.1265411376953125, 4.086341381072998, 4.779547691345215, 5.860123634338379, 4.446769714355469, 4.94246768951416, 2.9448585510253906, 4.01556396484375, 4.426357746124268, 6.134748458862305, 4.862556457519531, 4.712160587310791, 5.813351631164551, 5.125888347625732, 4.134048938751221, 3.3709983825683594, 2.8150475025177, 4.003879070281982, 5.335587501525879, 6.628514289855957, 3.9078454971313477, 6.538146018981934, 5.949539661407471, 8.255284309387207, 3.449629068374634, 3.449225902557373, 3.097371816635132, 4.080947399139404, 4.760449409484863, 7.7560505867004395, 4.349276542663574, 5.029601097106934, 3.9022719860076904, 5.605502128601074, 6.217781066894531, 6.702696800231934, 6.894860744476318, 2.9073665142059326, 1.535347819328308, 3.691687822341919, 6.894814491271973, 3.9639229774475098, 5.9947509765625, 5.255678653717041, 4.730217933654785, 3.318027973175049, 5.143848419189453, 5.105616092681885, 6.99811315536499, 6.734601020812988, 7.78619384765625, 4.237694263458252, 4.412674903869629, 6.056757926940918, 5.708798408508301, 5.737850189208984, 4.431849479675293, 5.701537132263184, 2.7528414726257324, 2.0682640075683594, 5.434545993804932, 3.3804171085357666, 3.9241442680358887, 6.839493751525879, 4.008613586425781, 6.373195648193359, 3.690652847290039, 4.4531097412109375, 7.066946983337402, 6.109554767608643, 5.494531154632568, 5.551163196563721, 3.560786008834839, 6.1676225662231445, 3.8050923347473145, 4.869971752166748, 2.937655210494995, 2.8400869369506836, 4.460346221923828, 2.3676037788391113, 4.539440155029297, 5.800332546234131, 10.435224533081055, 3.803054094314575], "beat_times": [0.13931972789115646, 0.8126984126984127, 1.486077097505669, 2.136235827664399, 2.809614512471655, 3.4829931972789114, 4.133151927437642, 4.806530612244898, 5.479909297052155, 6.130068027210885, 6.8034467120181406, 7.476825396825397, 8.150204081632653, 8.823582766439909, 9.47374149659864, 10.147120181405896, 10.820498866213152, 11.470657596371883, 12.144036281179138, 12.817414965986394, 13.467573696145125, 14.140952380952381, 14.814331065759637, 15.464489795918368, 16.207528344671204, 16.834467120181404, 17.484625850340137, 18.134784580498867, 18.808163265306124, 19.481541950113378, 20.154920634920636, 20.805079365079365, 21.478458049886623, 22.151836734693877, 22.825215419501134, 23.475374149659864, 24.14875283446712, 24.79891156462585, 25.472290249433108, 26.145668934240362, 26.842267573696144, 27.492426303854874, 28.142585034013607, 28.81596371882086, 29.489342403628118, 30.162721088435376, 30.812879818594105, 31.48625850340136, 32.13641723356009, 32.80979591836735, 33.45995464852608, 34.15655328798186, 34.80671201814059, 35.48009070294785, 36.1534693877551, 36.80362811791383, 37.50022675736962, 38.15038548752835, 38.800544217687076, 39.47392290249433, 40.147301587301584]}